image_name,label
A Block_img1.jpg,A Block
A Block_img10.jpg,A Block
A Block_img11.jpg,A Block
A Block_img12.jpg,A Block
A Block_img13.jpg,A Block
A Block_img14.jpg,A Block
A Block_img15.jpg,A Block
A Block_img2.jpg,A Block
A Block_img3.jpg,A Block
A Block_img4.jpg,A Block
A Block_img5.jpg,A Block
A Block_img6.jpg,A Block
A Block_img7.jpg,A Block
A Block_img8.jpg,A Block
A Block_img9.jpg,A Block
B Block_img1.jpg,B Block
B Block_img10.jpg,B Block
B Block_img11.jpg,B Block
B Block_img12.jpg,B Block
B Block_img13.jpg,B Block
B Block_img14.jpg,B Block
B Block_img15.jpg,B Block
B Block_img16.jpg,B Block
B Block_img17.jpg,B Block
B Block_img18.jpg,B Block
B Block_img19.jpg,B Block
B Block_img2.jpg,B Block
B Block_img20.jpg,B Block
B Block_img21.jpg,B Block
B Block_img22.jpg,B Block
B Block_img23.jpg,B Block
B Block_img24.jpg,B Block
B Block_img25.jpg,B Block
B Block_img26.jpg,B Block
B Block_img27.jpg,B Block
B Block_img28.jpg,B Block
B Block_img29.jpg,B Block
B Block_img3.jpg,B Block
B Block_img4.jpg,B Block
B Block_img5.jpg,B Block
B Block_img6.jpg,B Block
B Block_img7.jpg,B Block
B Block_img8.jpg,B Block
B Block_img9.jpg,B Block
C Block_img1.jpg,C Block
C Block_img10.jpg,C Block
C Block_img11.jpg,C Block
C Block_img12.jpg,C Block
C Block_img13.jpg,C Block
C Block_img14.jpg,C Block
C Block_img15.jpg,C Block
C Block_img16.jpg,C Block
C Block_img17.jpg,C Block
C Block_img2.jpg,C Block
C Block_img3.jpg,C Block
C Block_img4.jpg,C Block
C Block_img5.jpg,C Block
C Block_img6.jpg,C Block
C Block_img7.jpg,C Block
C Block_img8.jpg,C Block
C Block_img9.jpg,C Block
D Block_img1.jpg,D Block
D Block_img10.jpg,D Block
D Block_img11.jpg,D Block
D Block_img12.jpg,D Block
D Block_img13.jpg,D Block
D Block_img14.jpg,D Block
D Block_img15.jpg,D Block
D Block_img16.jpg,D Block
D Block_img17.jpg,D Block
D Block_img18.jpg,D Block
D Block_img19.jpg,D Block
D Block_img2.jpg,D Block
D Block_img20.jpg,D Block
D Block_img21.jpg,D Block
D Block_img22.jpg,D Block
D Block_img23.jpg,D Block
D Block_img24.jpg,D Block
D Block_img25.jpg,D Block
D Block_img26.jpg,D Block
D Block_img27.jpg,D Block
D Block_img28.jpg,D Block
D Block_img29.jpg,D Block
D Block_img3.jpg,D Block
D Block_img30.jpg,D Block
D Block_img31.jpg,D Block
D Block_img32.jpg,D Block
D Block_img33.jpg,D Block
D Block_img34.jpg,D Block
D Block_img35.jpg,D Block
D Block_img36.jpg,D Block
D Block_img4.jpg,D Block
D Block_img5.jpg,D Block
D Block_img6.jpg,D Block
D Block_img7.jpg,D Block
D Block_img8.jpg,D Block
D Block_img9.jpg,D Block
E Block_img1.jpg,E Block
E Block_img10.jpg,E Block
E Block_img11.jpg,E Block
E Block_img12.jpg,E Block
E Block_img13.jpg,E Block
E Block_img14.jpg,E Block
E Block_img15.jpg,E Block
E Block_img16.jpg,E Block
E Block_img17.jpg,E Block
E Block_img18.jpg,E Block
E Block_img19.jpg,E Block
E Block_img2.jpg,E Block
E Block_img20.jpg,E Block
E Block_img21.jpg,E Block
E Block_img22.jpg,E Block
E Block_img23.jpg,E Block
E Block_img24.jpg,E Block
E Block_img25.jpg,E Block
E Block_img26.jpg,E Block
E Block_img27.jpg,E Block
E Block_img28.jpg,E Block
E Block_img3.jpg,E Block
E Block_img4.jpg,E Block
E Block_img5.jpg,E Block
E Block_img6.jpg,E Block
E Block_img7.jpg,E Block
E Block_img8.jpg,E Block
E Block_img9.jpg,E Block
F Block_img1.jpg,F Block
F Block_img10.jpg,F Block
F Block_img11.jpg,F Block
F Block_img12.jpg,F Block
F Block_img13.jpg,F Block
F Block_img14.jpg,F Block
F Block_img15.jpg,F Block
F Block_img16.jpg,F Block
F Block_img17.jpg,F Block
F Block_img18.jpg,F Block
F Block_img19.jpg,F Block
F Block_img2.jpg,F Block
F Block_img20.jpg,F Block
F Block_img21.jpg,F Block
F Block_img22.jpg,F Block
F Block_img23.jpg,F Block
F Block_img24.jpg,F Block
F Block_img3.jpg,F Block
F Block_img4.jpg,F Block
F Block_img5.jpg,F Block
F Block_img6.jpg,F Block
F Block_img7.jpg,F Block
F Block_img8.jpg,F Block
F Block_img9.jpg,F Block
IEEE Office_img1.jpg,IEEE Office
IEEE Office_img10.jpg,IEEE Office
IEEE Office_img11.jpg,IEEE Office
IEEE Office_img12.jpg,IEEE Office
IEEE Office_img13.jpg,IEEE Office
IEEE Office_img14.jpg,IEEE Office
IEEE Office_img15.jpg,IEEE Office
IEEE Office_img16.jpg,IEEE Office
IEEE Office_img17.jpg,IEEE Office
IEEE Office_img18.jpg,IEEE Office
IEEE Office_img19.jpg,IEEE Office
IEEE Office_img2.jpg,IEEE Office
IEEE Office_img3.jpg,IEEE Office
IEEE Office_img4.jpg,IEEE Office
IEEE Office_img5.jpg,IEEE Office
IEEE Office_img6.jpg,IEEE Office
IEEE Office_img7.jpg,IEEE Office
IEEE Office_img8.jpg,IEEE Office
IEEE Office_img9.jpg,IEEE Office
